{
    "bigearthnet":{
        "mean":[-12.619993741972035, -19.29044597721542, 340.76769064, 429.9430203, 614.21682446, 590.23569706, 950.68368468, 1792.46290469, 2075.46795189,
                2218.94553375, 2266.46036911, 2246.0605464, 1594.42694882, 1009.32729131],
        "std":[5.115911777546365, 5.464428464912864, 554.81258967, 572.41639287, 582.87945694, 675.88746967, 729.89827633, 1096.01480586, 1273.45393088,
                1365.45589904, 1356.13789355, 1302.3292881, 1079.19066363, 818.86747235]
    },
    "cactus":{
        "mean":[119.3761, 115.2592, 128.4035],
        "std":[37.4228, 33.8390, 36.8710]
    },
    "flair":{
        "mean":[113.7753, 118.0812, 109.2739, 102.3642,  16.6973],
        "std":[52.4193, 46.0284, 45.2602, 39.4872, 29.5557]
    },
    "flair2":{
        "mean":[ 114.7360,  118.9935,  110.1762,  102.9594,   16.7306, 1553.1101,
        1706.3533, 1707.6664, 2072.3354, 2694.5828, 2910.1399, 3030.8735,
        3046.7170, 2398.3044, 1809.3027],
        "std": [52.7019, 46.2726,   45.6095,   39.6502,   29.7648, 2267.0027,
        2104.7576, 2078.3738, 2071.4827, 1900.3833, 1864.7145, 1924.3833,
        1820.6776, 1362.4669, 1244.8425]
    },
    "sen12ms":{
        "mean":[ -11.7630,  -18.2950, 1463.9355, 1230.3521, 1141.8270, 1144.4269,
        1356.1825, 1940.9421, 2220.6450, 2163.8037, 2418.8733,  791.9455,
          23.9868, 2005.3367, 1358.3806],
          "std":[   4.5312,    4.3663,  721.8138,  746.7266,  745.9549,  965.9202,
         951.8728,  988.6033, 1085.2832, 1060.7733, 1138.8784,  551.5662,
          34.1710, 1138.1683,  996.9311]
    },
    "woody":{
        "mean":[81.3055,  83.2069,  58.9164],//, 175.1896], Remove alpha channel stats
        "std":[66.9682,  67.1797,  48.1175],//, 118.2445]
    },
    "spekboom":{
        "mean":[93.7223,  90.5660,  77.5175, 164.8042],
        "std":[81.9170,  76.7438,  68.8432, 121.9120]
    },
    "waititu":{
        "mean":[55.6236, 54.1820, 35.0456],// 42.4444],
        "std":[63.1487, 60.9398, 41.7646],// 45.6104]
    },
    "tallos":{
        "mean":[1283.97119, 1438.82031, 1378.67847, 1819.70667, 2835.08765, 3202.86938, 3276.03394, 3422.51392, 2305.23926, 1555.97595,  108.98360,  213.39993,  661.94061],
        "std":[2028.46753, 1908.08655, 1912.57837, 1931.35449, 1730.66138, 1714.06738, 1679.35315, 1671.14331, 1351.27197, 1257.49890,   52.72569,  115.37871,  792.45972],
    },
    "forestnet":{
        "mean":[15.0060, 29.8892, 21.9384],
        "std":[11.2357, 12.2747, 14.3598]
    },
    "ssl4eol":{
        "mean":[ 98.0528,  89.4049,  88.3023,  98.6711, 156.3476, 148.6828, 117.2159,
         91.0294,   1.3732, 187.0349, 183.8071],
        "std":[29.0827, 33.7028, 46.0983, 66.7981, 74.7895, 82.9275, 81.2110, 53.1308,
         4.3644, 46.4231, 44.9355]
    },
    "reforestree":{
        "mean":[191.8039, 199.4721, 171.0712],
        "std":[58.9717, 54.2983, 72.2315]
    },
    "rapidai4eo":{
        "mean":[-599.8201, -428.7419, -353.7449, 1370.6443,  563.6370,  759.2718,
         790.4224, 2340.5337, 1163.8649, 1954.0909, 2226.9436, 2425.1335,
        1818.0320, 1213.2483,  455.0158, 2433.6865],
        "std":[5890.3970, 5925.5083, 5950.9106, 6311.4429,  955.2887,  938.5280,
        1012.0714, 1369.0884, 1030.0022, 1203.9899, 1325.6887, 1377.0955,
        1131.5851,  948.6902,  920.5815, 1329.4309]
    },
    "ssl4eos1s2":{
        "mean":[-12.54847273, -20.19237134,752.40087073, 884.29673756, 1144.16202635, 1297.47289228, 1624.90992062, 2194.6423161, 2422.21248945, 2517.76053101, 2581.64687018, 2645.51888987, 2368.51236873, 1805.06846033],
        "std":[5.25697717, 5.91150917,1108.02887453, 1155.15170768, 1183.6292542, 1368.11351514, 1370.265037, 1355.55390699, 1416.51487101, 1474.78900051, 1439.3086061, 1582.28010962, 1455.52084939, 1343.48379601]
    },
    "uav":{
        "mean":[112.7954, 112.4210,  94.9576],
        "std":[87.6614, 86.0243, 80.2605]
    },
    "fivebillionpixels":{
        "mean":[417.4763, 321.7472, 247.5841, 295.8605],
        "std":[107.1275,  90.3392,  96.7788, 144.8598]
        },
    "neontree":{
        "mean":[152.454, 123.325, 144.287],
        "std":[44.944, 30.832, 38.879]
        },
    "treesatai":{
       "mean":[ 237.94443,  384.66238,  253.62634, 2762.06128,  625.80261, 2074.89673, 2651.58423, 2923.11133, 1307.51001,  600.52789,  253.16537, 2926.36133],//[160.28419,  91.28082,  84.00340,  75.07034],
       "std": [137.14885, 160.49547, 178.52460, 798.59344, 233.07007, 542.35138, 721.96539, 790.62885, 462.26263, 300.07938, 127.59349, 717.23358],//[54.13877, 32.30051, 27.13653, 31.13494]
    },
    "marida":{
        "mean":[0.05197577, 0.04783991, 0.04056812, 0.03163572, 0.02972606, 0.03457443,
 0.03875053, 0.03436435, 0.0392113,  0.02358126, 0.01588816],
        "std":[0.04725893, 0.04743808, 0.04699043, 0.04967381, 0.04946782, 0.06458357,
 0.07594915, 0.07120246, 0.08251058, 0.05111466, 0.03524419],
    },
    "treesat_aerial":{
        "mean":[162.3750,  97.8018,  89.1425,  84.2689],
        "std":[53.3237, 32.6658, 29.0721, 30.4791]
    },
    "treesat_sen200m":{
        "mean":[ 237.9059,  384.5531,  253.3916, 2761.8970,  625.5364, 2074.8232,
        2651.5908, 2923.0964, 1306.9153,  600.0505,  253.4281, 2926.2104],
        "std":[137.0299, 160.0558, 177.5254, 799.4852, 232.1957, 542.7112, 722.8084,
        791.5959, 461.6962, 298.6560, 127.5402, 718.0933]
    },
    "mlrsnet":{
        "mean":[0.4006, 0.4121, 0.3878],
        "std":[0.2108, 0.1918, 0.1942]
    },
    "all":{
        //Placeholder. Stats will be replaced by dataset-specific statistics on runtime.
        "mean":[],
        "std":[],
    },
    "supervised_foundation_cls":{
        //Placeholder. Stats will be replaced by dataset-specific statistics on runtime.
        "mean":[],
        "std":[],
    },
    "super_fomo":{
        //Placeholder. Stats will be replaced by dataset-specific statistics on runtime.
        "mean":[],
        "std":[],
    }
}
